Cluster ID,Link Score,source file,id,publisher,title,author,year,ENTRYTYPE,journal,number,volume,pages,booktitle
,,0,650,0,Top-k query evaluation in sensor networks under query response time constraint,Weifa Liang and Baichen Chen and Jeffrey Xu Yu,2011,article,Inf. Sci.,4,181,869--882,0
,,0,1139,0,Surveillance of Parimutuel Wagering Integrity Using Expert Systems and Machine Learning,Roy S. Freedman and Isidore Sobkowski,2010,inproceedings,0,0,0,0,"Proceedings of the Twenty-Second Conference on Innovative Applications of Artificial Intelligence, July 11-15, 2010, Atlanta, Georgia, {USA}"
,,0,2263,0,On the Convergence of Stochastic Iterative Dynamic Programming Algorithms,Tommi S. Jaakkola and Michael I. Jordan and Satinder P. Singh,1994,article,Neural Computation,6,6,1185--1201,0
,,0,650,0,Top-k query evaluation in sensor networks under query response time constraint,Weifa Liang and Baichen Chen and Jeffrey Xu Yu,2011,article,Inf. Sci.,4,181,869--882,0
12,0.9993573,0,181,0,Hash in Place with Memory Shifting: Datacube Computation Revisited,Jeffrey Xu Yu and Hongjun Lu,1999,inproceedings,0,0,0,254,"Proceedings of the 15th International Conference on Data Engineering, Sydney, Austrialia, March 23-26, 1999"
25,0.1876607,0,178,0,Algebraic equivalences of nested relational operators,Hong{-}Cheu Liu and Jeffrey Xu Yu,2005,article,Inf. Syst.,3,30,167--204,0
,,0,1790,0,Classification of Poincar{\'{e}} plots for temporal series of heart rate variability by using machine learning techniques,Andr{\'{e}} Ricardo Gon{\c{c}}alves and Maria Angelica de Oliveira Camargo{-}Brunetto,2010,inproceedings,0,0,0,432--438,"10th International Conference on Intelligent Systems Design and Applications, {ISDA} 2010, November 29 - December 1, 2010, Cairo, Egypt"
,,0,2769,0,Fast Similarity Search in Three-Dimensional Structure Databases,Xiong Wang and Jason Tsong{-}Li Wang,2000,article,Journal of Chemical Information and Computer Sciences,2,40,442--451,0
,,0,919,0,A comparative study of machine learning methods for authorship attribution,Matthew L. Jockers and Daniela M. Witten,2010,article,LLC,2,25,215--223,0
3,0.99972147,0,233,0,Revisiting answering tree pattern queries using views,Junhu Wang and Jeffrey Xu Yu,2012,article,{ACM} Trans. Database Syst.,3,37,18,0
,,0,2179,0,Stable Algorithms for Link Analysis,Alice X. Zheng and Andrew Y. Ng and Michael I. Jordan,2001,inproceedings,0,0,0,258--266,"{SIGIR} 2001: Proceedings of the 24th Annual International {ACM} {SIGIR} Conference on Research and Development in Information Retrieval, September 9-13, 2001, New Orleans, Louisiana, {USA}"
,,0,2064,0,Joint covariate selection and joint subspace selection for multiple classification problems,Guillaume Obozinski and Ben Taskar and Michael I. Jordan,2010,article,Statistics and Computing,2,20,231--252,0
,,0,2350,0,The Construction and Assessment of a Statistical Model for the Prediction of Protein Assay Data,Jennifer Pittman and Jerome Sacks and S. Stanley Young,2002,article,Journal of Chemical Information and Computer Sciences,3,42,729--741,0
,,0,2465,0,Comparison of Cloud database: Amazon's SimpleDB and Google's Bigtable,Shalini Ramanathan and Savita Goel and Subramanian Alagumalai,2011,inproceedings,0,0,0,165--168,"International Conference on Recent Trends in Information Systems, ReTIS 2011, December 21-23, 2011, Jadavpur University, Kolkata, India, Proceedings"
15,0.99913085,0,244,0,Discriminative Category Matching: Efficient Text Classification for Huge Document Collections,Gabriel Pui Cheong Fung and Jeffrey Xu Yu and Hongjun Lu,2002,inproceedings,0,0,0,187--194,"Proceedings of the 2002 {IEEE} International Conference on Data Mining {(ICDM} 2002), 9-12 December 2002, Maebashi City, Japan"
,,0,2302,0,Mean Field Theory for Sigmoid Belief Networks,Lawrence K. Saul and Tommi S. Jaakkola and Michael I. Jordan,1996,article,J. Artif. Intell. Res. {(JAIR)},0,4,61--76,0
,,0,1099,0,A production inventory model with fuzzy coefficients using parametric geometric programming approach,G. S. Mahapatra and T. K. Mandal and G. P. Samanta,2011,article,Int. J. Machine Learning {\&} Cybernetics,2,2,99--105,0
,,0,2095,0,An Introduction to Variational Methods for Graphical Models,Michael I. Jordan and Zoubin Ghahramani and Tommi S. Jaakkola and Lawrence K. Saul,1999,article,Machine Learning,2,37,183--233,0
1,0.999818,0,709,0,Stock prediction: an event-driven approach based on bursty keywords,Di Wu and Gabriel Pui Cheong Fung and Jeffrey Xu Yu and Qi Pan,2009,article,Frontiers of Computer Science in China,2,3,145--157,0
,,0,2111,0,Sharing Clusters among Related Groups: Hierarchical Dirichlet Processes,Yee Whye Teh and Michael I. Jordan and Matthew J. Beal and David M. Blei,2004,inproceedings,0,0,0,1385--1392,"Advances in Neural Information Processing Systems 17 [Neural Information Processing Systems, {NIPS} 2004, December 13-18, 2004, Vancouver, British Columbia, Canada]"
,,0,2491,0,Frequent Set,0,2010,incollection,0,0,0,423,Encyclopedia of Machine Learning
,,0,2191,0,Hierarchical Topic Models and the Nested Chinese Restaurant Process,David M. Blei and Thomas L. Griffiths and Michael I. Jordan and Joshua B. Tenenbaum,2003,inproceedings,0,0,0,17--24,"Advances in Neural Information Processing Systems 16 [Neural Information Processing Systems, {NIPS} 2003, December 8-13, 2003, Vancouver and Whistler, British Columbia, Canada]"
22,0.8631198,0,2124,0,Learning to Control an Unstable System with Forward Modeling,Michael I. Jordan and Robert A. Jacobs,1989,inproceedings,0,0,0,324--331,"Advances in Neural Information Processing Systems 2, {[NIPS} Conference, Denver, Colorado, USA, November 27-30, 1989]"
,,0,1013,0,A New Reduced Rank Square Root Kalman Filter for Data Assimilation in Mathematical Models,Dimitri Treebushny and Henrik Madsen,2003,inproceedings,0,0,0,482--491,"Computational Science - {ICCS} 2003, International Conference, Melbourne, Australia and St. Petersburg, Russia, June 2-4, 2003. Proceedings, Part {I}"
2,0.99979544,0,2147,0,A latent variable model for chemogenomic profiling,Patrick Flaherty and Guri Giaever and Jochen Kumm and Michael I. Jordan and Adam P. Arkin,2005,article,Bioinformatics,15,21,3286--3293,0
,,0,158,0,"On Safety, Computability and Local Property of Web Queries",Hong{-}Cheu Liu and Jeffrey Xu Yu,2008,inproceedings,0,0,0,251--262,"Progress in {WWW} Research and Development, 10th Asia-Pacific Web Conference, APWeb 2008, Shenyang, China, April 26-28, 2008. Proceedings"
,,0,213,0,Answering Frequent Probabilistic Inference Queries in Databases,Shaoxu Song and Lei Chen and Jeffrey Xu Yu,2011,article,{IEEE} Trans. Knowl. Data Eng.,4,23,512--526,0
28,0.00029406708,0,696,0,Computing structural statistics by keywords in databases,Lu Qin and Jeffrey Xu Yu and Lijun Chang,2011,inproceedings,0,0,0,363--374,"Proceedings of the 27th International Conference on Data Engineering, {ICDE} 2011, April 11-16, 2011, Hannover, Germany"
17,0.998449,0,796,0,Support vector machines for analog circuit performance representation,Fernando De Bernardinis and Michael I. Jordan and Alberto L. Sangiovanni{-}Vincentelli,2003,inproceedings,0,0,0,964--969,"Proceedings of the 40th Design Automation Conference, {DAC} 2003, Anaheim, CA, USA, June 2-6, 2003"
,,0,187,0,Spotting Significant Changing Subgraphs in Evolving Graphs,Zheng Liu and Jeffrey Xu Yu and Yiping Ke and Xuemin Lin and Lei Chen,2008,inproceedings,0,0,0,917--922,"Proceedings of the 8th {IEEE} International Conference on Data Mining {(ICDM} 2008), December 15-19, 2008, Pisa, Italy"
18,0.9982608,0,2137,0,Solving Consensus and Semi-supervised Clustering Problems Using Nonnegative Matrix Factorization,Tao Li and Chris H. Q. Ding and Michael I. Jordan,2007,inproceedings,0,0,0,577--582,"Proceedings of the 7th {IEEE} International Conference on Data Mining {(ICDM} 2007), October 28-31, 2007, Omaha, Nebraska, {USA}"
20,0.98460495,0,625,0,Is Frequency Enough for Decision Makers to Make Decisions?,Shichao Zhang and Jeffrey Xu Yu and Jingli Lu and Chengqi Zhang,2006,inproceedings,0,0,0,499--503,"Advances in Knowledge Discovery and Data Mining, 10th Pacific-Asia Conference, {PAKDD} 2006, Singapore, April 9-12, 2006, Proceedings"
,,0,794,0,On the accuracy of self-normalized log-linear models,Jacob Andreas and Maxim Rabinovich and Dan Klein and Michael I. Jordan,2015,article,CoRR,0,abs/1506.04147,0,0
,,0,2365,0,Applying a Metadata Framework to Improve Data Quality,Victoria Y. Yoon and Peter Aiken and Tor Guimaraes,2005,incollection,0,0,0,146--151,Encyclopedia of Information Science and Technology {(5} Volumes)
,,0,713,0,Guest editorial: web information technologies,Xuemin Lin and Jeffrey Xu Yu,2015,article,World Wide Web,5,18,1199--1200,0
,,0,213,0,Answering Frequent Probabilistic Inference Queries in Databases,Shaoxu Song and Lei Chen and Jeffrey Xu Yu,2011,article,{IEEE} Trans. Knowl. Data Eng.,4,23,512--526,0
,,0,213,0,Answering Frequent Probabilistic Inference Queries in Databases,Shaoxu Song and Lei Chen and Jeffrey Xu Yu,2011,article,{IEEE} Trans. Knowl. Data Eng.,4,23,512--526,0
,,0,1916,0,Divide-and-conquer and statistical inference for big data,Michael I. Jordan,2012,inproceedings,0,0,0,4,"The 18th {ACM} {SIGKDD} International Conference on Knowledge Discovery and Data Mining, {KDD} '12, Beijing, China, August 12-16, 2012"
9,0.99951136,0,292,0,Finding maximal k-edge-connected subgraphs from a large graph,Rui Zhou and Chengfei Liu and Jeffrey Xu Yu and Weifa Liang and Baichen Chen and Jianxin Li,2012,inproceedings,0,0,0,480--491,"15th International Conference on Extending Database Technology, {EDBT} '12, Berlin, Germany, March 27-30, 2012, Proceedings"
,,0,258,0,M+-tree : {A} New Dynamical Multidimensional Index for Metric Spaces,Xiangmin Zhou and Guoren Wang and Jeffrey Xu Yu and Ge Yu,2003,inproceedings,0,0,0,161--168,"Database Technologies 2003, Proceedings of the 14th Australasian Database Conference, {ADC} 2003, Adelaide, South Australia, February 2003"
,,0,2099,0,Latent Variable Models for Dimensionality Reduction,Zhihua Zhang and Michael I. Jordan,2009,inproceedings,0,0,0,655--662,"Proceedings of the Twelfth International Conference on Artificial Intelligence and Statistics, {AISTATS} 2009, Clearwater Beach, Florida, USA, April 16-18, 2009"
,,0,2342,0,Combinatorial stochastic processes and nonparametric Bayesian modeling,Michael I. Jordan,2009,inproceedings,0,0,0,139,"Proceedings of the Twentieth Annual {ACM-SIAM} Symposium on Discrete Algorithms, {SODA} 2009, New York, NY, USA, January 4-6, 2009"
,,0,2482,0,Operation of an international data center: Canadian Scientific Numeric Database Service,Gordon H. Wood and John R. Rodgers and S. Roger Gough,1993,article,Journal of Chemical Information and Computer Sciences,1,33,31--35,0
26,0.0014281591,0,2240,0,Learning graphical models for stationary time series,Francis R. Bach and Michael I. Jordan,2004,article,{IEEE} Transactions on Signal Processing,8,52,2189--2199,0
,,0,2611,JMLR.org,"Proceedings of the 2nd Asian Conference on Machine Learning, {ACML} 2010, Tokyo, Japan, November 8-10, 2010",0,2010,proceedings,0,0,13,0,0
,,0,2101,0,Computing Upper and Lower Bounds on Likelihoods in Intractable Networks,Tommi S. Jaakkola and Michael I. Jordan,2013,article,CoRR,0,abs/1302.3586,0,0
,,0,279,0,Efficient processing of label-constraint reachability queries in large graphs,Lei Zou and Kun Xu and Jeffrey Xu Yu and Lei Chen and Yanghua Xiao and Dongyan Zhao,2014,article,Inf. Syst.,0,40,47--66,0
,,0,602,0,Repairing Vertex Labels under Neighborhood Constraints,Shaoxu Song and Hong Cheng and Jeffrey Xu Yu and Lei Chen,2014,article,PVLDB,11,7,987--998,0
7,0.9995753,0,2219,0,On the Consistency of Ranking Algorithms,John C. Duchi and Lester W. Mackey and Michael I. Jordan,2010,inproceedings,0,0,0,327--334,"Proceedings of the 27th International Conference on Machine Learning (ICML-10), June 21-24, 2010, Haifa, Israel"
,,0,474,0,A zero-watermarking image authentication scheme using Zernike moment and extreme learning machine,Guangyong Gao and Guoping Jiang,2011,inproceedings,0,0,0,1--5,"2011 International Conference on Wireless Communications {\&} Signal Processing, {WCSP} 2011, Nanjing, China, November 9-11, 2011"
,,0,2316,0,A permutation-augmented sampler for {DP} mixture models,Percy Liang and Michael I. Jordan and Benjamin Taskar,2007,inproceedings,0,0,0,545--552,"Machine Learning, Proceedings of the Twenty-Fourth International Conference {(ICML} 2007), Corvallis, Oregon, USA, June 20-24, 2007"
,,0,1718,0,Extraction of Logical Rules from Data by Means of Piecewise-Linear Neural Networks,Martin Holena,2002,inproceedings,0,0,0,192--205,"Discovery Science, 5th International Conference, {DS} 2002, L{\{u}}beck, Germany, November 24-26, 2002, Proceedings"
,,0,1893,0,An integrated web resource for crystallography,Brian McMahon,2002,article,Data Science Journal,1,1,54--67,0
,,0,2449,0,Modeling of numerical atomic electron density data with analytical functions,Mark D. Jackson,1993,article,Journal of Chemical Information and Computer Sciences,3,33,453--457,0
,,0,2088,0,Bayesian Generalized Kernel Models,Zhihua Zhang and Guang Dai and Donghui Wang and Michael I. Jordan,2010,inproceedings,0,0,0,972--979,"Proceedings of the Thirteenth International Conference on Artificial Intelligence and Statistics, {AISTATS} 2010, Chia Laguna Resort, Sardinia, Italy, May 13-15, 2010"
,,0,2295,0,Variational Bayesian Inference with Stochastic Search,John William Paisley and David M. Blei and Michael I. Jordan,2012,inproceedings,0,0,0,0,"Proceedings of the 29th International Conference on Machine Learning, {ICML} 2012, Edinburgh, Scotland, UK, June 26 - July 1, 2012"
24,0.2735963,0,687,0,Answering label-constraint reachability in large graphs,Kun Xu and Lei Zou and Jeffrey Xu Yu and Lei Chen and Yanghua Xiao and Dongyan Zhao,2011,inproceedings,0,0,0,1595--1600,"Proceedings of the 20th {ACM} Conference on Information and Knowledge Management, {CIKM} 2011, Glasgow, United Kingdom, October 24-28, 2011"
,,0,473,0,Latent Class Model,0,2010,incollection,0,0,0,571,Encyclopedia of Machine Learning
27,0.00088234077,0,2249,0,Modeling Events with Cascades of Poisson Processes,Aleksandr Simma and Michael I. Jordan,2010,inproceedings,0,0,0,546--555,"{UAI} 2010, Proceedings of the Twenty-Sixth Conference on Uncertainty in Artificial Intelligence, Catalina Island, CA, USA, July 8-11, 2010"
,,0,285,0,Dynamically maintaining frequent items over a data stream,Cheqing Jin and Weining Qian and Chaofeng Sha and Jeffrey Xu Yu and Aoying Zhou,2003,inproceedings,0,0,0,287--294,"Proceedings of the 2003 {ACM} {CIKM} International Conference on Information and Knowledge Management, New Orleans, Louisiana, USA, November 2-8, 2003"
0,0.999818,0,229,0,Multimedia Data Buffering,Jeffrey Xu Yu,2009,incollection,0,0,0,1800--1804,Encyclopedia of Database Systems
,,0,1378,0,An Improved Security Requirement for Data Perturbation with Implications for E-Commerce,Krishnamurty Muralidhar and Rathindra Sarathy and Rahul Parsa,2001,article,Decision Sciences,4,32,683--698,0
,,0,121,0,Evaluating Irredundant Maximal Contained Rewritings for XPath Queries on Views,Rui Zhou and Chengfei Liu and Jianxin Li and Junhu Wang and Jeffrey Xu Yu,2014,article,Comput. J.,11,57,1674--1692,0
,,0,176,0,Finding Top-k Min-Cost Connected Trees in Databases,Bolin Ding and Jeffrey Xu Yu and Shan Wang and Lu Qin and Xiao Zhang and Xuemin Lin,2007,inproceedings,0,0,0,836--845,"Proceedings of the 23rd International Conference on Data Engineering, {ICDE} 2007, The Marmara Hotel, Istanbul, Turkey, April 15-20, 2007"
,,0,2857,0,Cascade Classifiers for Hierarchical Decision Systems,Zbigniew W. Ras and Agnieszka Dardzinska and Wenxin Jiang,2010,incollection,0,0,0,247--256,Advances in Machine Learning {I:} Dedicated to the Memory of Professor Ryszard S. Michalski
,,0,2254,0,Local Privacy and Statistical Minimax Rates,John C. Duchi and Michael I. Jordan and Martin J. Wainwright,2013,inproceedings,0,0,0,429--438,"54th Annual {IEEE} Symposium on Foundations of Computer Science, {FOCS} 2013, 26-29 October, 2013, Berkeley, CA, {USA}"
,,0,2030,0,Loopy Belief Propagation for Approximate Inference: An Empirical Study,Kevin P. Murphy and Yair Weiss and Michael I. Jordan,1999,inproceedings,0,0,0,467--475,"{UAI} '99: Proceedings of the Fifteenth Conference on Uncertainty in Artificial Intelligence, Stockholm, Sweden, July 30 - August 1, 1999"
,,0,968,0,A relational data model to represent meaning in natural language sentences (abstract only),C. B. Balogh and M. E. Balogh,1987,inproceedings,0,0,0,368,"Proceedings of the 15th {ACM} Annual Conference on Computer Science, St. Louis, Missouri, USA, February 16-19, 1987"
13,0.9992886,0,2129,0,A Unified Probabilistic Model for Global and Local Unsupervised Feature Selection,Yue Guan and Jennifer G. Dy and Michael I. Jordan,2011,inproceedings,0,0,0,1073--1080,"Proceedings of the 28th International Conference on Machine Learning, {ICML} 2011, Bellevue, Washington, USA, June 28 - July 2, 2011"
,,0,2468,0,A methodology to identify consensus classes from clustering algorithms applied to immunohistochemical data from breast cancer patients,Daniele Soria and Jonathan M. Garibaldi and Federico Ambrogi and Andrew R. Green and Des Powe and Emad Rakha and R. Douglas Macmillan and Roger W. Blamey and Graham R. Ball and Paulo J. G. Lisboa and Terence A. Etchells and Patrizia Boracchi and Elia Biganzoli and Ian O. Ellis,2010,article,Comp. in Bio. and Med.,3,40,318--330,0
19,0.9866808,0,142,0,On Tree Pattern Query Rewriting Using Views,Junhu Wang and Jeffrey Xu Yu and Chengfei Liu,2007,inproceedings,0,0,0,1--12,"Web Information Systems Engineering - {WISE} 2007, 8th International Conference on Web Information Systems Engineering, Nancy, France, December 3-7, 2007, Proceedings"
14,0.99925077,0,256,0,Finding the influence set through skylines,Xiaobing Wu and Yufei Tao and Raymond Chi{-}Wing Wong and Ling Ding and Jeffrey Xu Yu,2009,inproceedings,0,0,0,1030--1041,"{EDBT} 2009, 12th International Conference on Extending Database Technology, Saint Petersburg, Russia, March 24-26, 2009, Proceedings"
10,0.99937844,0,2154,0,Nonparametric Latent Feature Models for Link Prediction,Kurt T. Miller and Thomas L. Griffiths and Michael I. Jordan,2009,inproceedings,0,0,0,1276--1284,"Advances in Neural Information Processing Systems 22: 23rd Annual Conference on Neural Information Processing Systems 2009. Proceedings of a meeting held 7-10 December 2009, Vancouver, British Columbia, Canada."
16,0.99858063,0,2312,0,"Nonnegative Matrix Factorization for Combinatorial Optimization: Spectral Clustering, Graph Matching, and Clique Finding",Chris H. Q. Ding and Tao Li and Michael I. Jordan,2008,inproceedings,0,0,0,183--192,"Proceedings of the 8th {IEEE} International Conference on Data Mining {(ICDM} 2008), December 15-19, 2008, Pisa, Italy"
,,0,2122,0,Optimal rates for zero-order optimization: the power of two function evaluations,John C. Duchi and Michael I. Jordan and Martin J. Wainwright and Andre Wibisono,2013,article,CoRR,0,abs/1312.2139,0,0
,,0,756,0,False Positive or False Negative: Mining Frequent Itemsets from High Speed Transactional Data Streams,Jeffrey Xu Yu and Zhihong Chong and Hongjun Lu and Aoying Zhou,2004,inproceedings,0,0,0,204--215,"(e)Proceedings of the Thirtieth International Conference on Very Large Data Bases, Toronto, Canada, August 31 - September 3 2004"
21,0.9802388,0,701,0,False-Negative Frequent Items Mining from Data Streams with Bursting,Zhihong Chong and Jeffrey Xu Yu and Hongjun Lu and Zhengjie Zhang and Aoying Zhou,2005,inproceedings,0,0,0,422--434,"Database Systems for Advanced Applications, 10th International Conference, {DASFAA} 2005, Beijing, China, April 17-20, 2005, Proceedings"
23,0.5924269,0,2080,0,Managing data transfers in computer clusters with orchestra,Mosharaf Chowdhury and Matei Zaharia and Justin Ma and Michael I. Jordan and Ion Stoica,2011,inproceedings,0,0,0,98--109,"Proceedings of the {ACM} {SIGCOMM} 2011 Conference on Applications, Technologies, Architectures, and Protocols for Computer Communications, Toronto, ON, Canada, August 15-19, 2011"
,,0,524,0,Incremental conceptual clustering from existing databases,James R. Rowland and Gregg T. Vesonder,1987,inproceedings,0,0,0,80--87,"Proceedings of the 15th {ACM} Annual Conference on Computer Science, St. Louis, Missouri, USA, February 16-19, 1987"
,,0,1250,0,A two-stage machine learning approach for pathway analysis,Wei Zhang and Scott J. Emrich and Erliang Zeng,2010,inproceedings,0,0,0,274--279,"2010 {IEEE} International Conference on Bioinformatics and Biomedicine, {BIBM} 2010, Hong Kong, China, 18 - 21 December 2010, Proceedings"
,,0,2153,0,Learning in Boltzmann Trees,Lawrence K. Saul and Michael I. Jordan,1994,article,Neural Computation,6,6,1174--1184,0
5,0.99963576,0,2206,0,Revisiting k-means: New Algorithms via Bayesian Nonparametrics,Brian Kulis and Michael I. Jordan,2011,article,CoRR,0,abs/1111.0352,0,0
,,0,637,0,Efficient Core Maintenance in Large Dynamic Graphs,Rong{-}Hua Li and Jeffrey Xu Yu,2012,article,CoRR,0,abs/1207.4567,0,0
11,0.99936056,0,763,0,Response Time Constrained Top-k Query Evaluation in Sensor Networks,Weifa Liang and Baichen Chen and Jeffrey Xu Yu,2008,inproceedings,0,0,0,575--582,"14th International Conference on Parallel and Distributed Systems, {ICPADS} 2008, Melbourne, Victoria, Australia, December 8-10, 2008"
8,0.99951136,0,128,0,Finding top-k similar graphs in graph databases,Yuanyuan Zhu and Lu Qin and Jeffrey Xu Yu and Hong Cheng,2012,inproceedings,0,0,0,456--467,"15th International Conference on Extending Database Technology, {EDBT} '12, Berlin, Germany, March 27-30, 2012, Proceedings"
,,0,172,0,Community Detection in Social Networks: An In-depth Benchmarking Study with a Procedure-Oriented Framework,Meng Wang and Chaokun Wang and Jeffrey Xu Yu and Jun Zhang,2015,article,PVLDB,10,8,998--1009,0
,,0,758,0,Link prediction: the power of maximal entropy random walk,Rong{-}Hua Li and Jeffrey Xu Yu and Jianquan Liu,2011,inproceedings,0,0,0,1147--1156,"Proceedings of the 20th {ACM} Conference on Information and Knowledge Management, {CIKM} 2011, Glasgow, United Kingdom, October 24-28, 2011"
,,0,1471,0,The Interface Between Language Theory and Database Theory,Jeffrey D. Ullman,1992,inproceedings,0,0,0,133--151,Theoretical Studies in Computer Science
6,0.99959105,0,204,0,Neighborhood-privacy protected shortest distance computing in cloud,Jun Gao and Jeffrey Xu Yu and Ruoming Jin and Jiashuai Zhou and Tengjiao Wang and Dongqing Yang,2011,inproceedings,0,0,0,409--420,"Proceedings of the {ACM} {SIGMOD} International Conference on Management of Data, {SIGMOD} 2011, Athens, Greece, June 12-16, 2011"
,,0,2669,0,Minimally-Sized Balanced Decomposition Schemes for Multi-class Classification,Evgueni N. Smirnov and Matthijs Moed and Georgi I. Nalbantov and Ida G. Sprinkhuizen{-}Kuyper,2011,incollection,0,0,0,39--58,Ensembles in Machine Learning Applications
,,0,718,0,Structural Map: {A} New Index for Efficient {XML} Path Expression Processing,Shihui Zheng and Aoying Zhou and Jeffrey Xu Yu and Long Zhang and Han Tao,2002,inproceedings,0,0,0,25--36,"Advances in Web-Age Information Management, Third International Conference, {WAIM} 2002, Beijing, China, August 11-13, 2002, Proceedings"
,,0,1875,0,A Web-Geographical Information System to Support Territorial Data Integration,Giuseppe Pozzi and Fabio A. Schreiber and Letizia Tanca and Luca Tosi,2005,incollection,0,0,0,33--37,Encyclopedia of Information Science and Technology {(5} Volumes)
,,0,60,0,Machine Learning Based Autonomous Network Flow Identifying Method,Hongbo Shi and Tomoki Hamagami and Haoyuan Xu,2011,inproceedings,0,0,0,447--457,"Wireless Internet - 6th International {ICST} Conference, {WICON} 2011, Xi'an, China, October 19-21, 2011, Revised Selected Papers"
,,0,111,0,Exploring Hierarchies in Online Social Networks,Can Lu and Jeffrey Xu Yu and Rong{-}Hua Li and Hao Wei,2015,article,CoRR,0,abs/1502.04220,0,0
4,0.99968934,0,601,0,Diversifying Top-K Results,Lu Qin and Jeffrey Xu Yu and Lijun Chang,2012,article,PVLDB,11,5,1124--1135,0
,,0,1621,0,Selection of patents for the Chemical Abstracts Service data base,P. J. Pollick,1983,article,Journal of Chemical Information and Computer Sciences,4,23,160--165,0
,,0,2088,0,Bayesian Generalized Kernel Models,Zhihua Zhang and Guang Dai and Donghui Wang and Michael I. Jordan,2010,inproceedings,0,0,0,972--979,"Proceedings of the Thirteenth International Conference on Artificial Intelligence and Statistics, {AISTATS} 2010, Chia Laguna Resort, Sardinia, Italy, May 13-15, 2010"
,,0,2098,0,Reinforcement Learning Algorithm for Partially Observable Markov Decision Problems,Tommi S. Jaakkola and Satinder P. Singh and Michael I. Jordan,1994,inproceedings,0,0,0,345--352,"Advances in Neural Information Processing Systems 7, {[NIPS} Conference, Denver, Colorado, USA, 1994]"
,,0,118,0,Efficient Algorithms for Distance-Based Representative Skyline Computation in 2D Space,Taotao Cai and Rong{-}Hua Li and Jeffrey Xu Yu and Rui Mao and Yadi Cai,2015,inproceedings,0,0,0,116--128,"Web Technologies and Applications - 17th Asia-PacificWeb Conference, APWeb 2015, Guangzhou, China, September 18-20, 2015, Proceedings"
,,0,2480,0,Positional accuracy and measurement error in digital databases of land use: an empirical study,R. Dunn and A. R. Harrison and J. C. White,1990,article,International Journal of Geographical Information Science,4,4,385--398,0
,,1,1940,IEEE,Learning phenotype structure using sequence model,"Zhao, Yuhai and Wang, Guoren and Zhang, Xiang and Yu, Jeffrey Xu and Wang, Zhanghui",2014,article,"Knowledge and Data Engineering, IEEE Transactions on",3,26.0,667--681,0
,,1,2386,IEEE,Using a hash-based method with transaction trimming for mining association rules,"Park, Jong Soo and Chen, Ming-Syan and Yu, Philip S",1997,article,"Knowledge and Data Engineering, IEEE Transactions on",5,9.0,813--825,0
,,1,2092,0,A competitive modular connectionist architecture,"Jacobs, Robert A and Jordan, Michael I",1991,inproceedings,0,0,,767--773,Advances in neural information processing systems
,,1,2484,0,Semantic based collaborative filtering,"Aggarwal, Charu C and Philip, S Yu",2002,misc,0,0,,0,0
12,0.9993573,1,1911,0,Hash in place with memory shifting: datacube computation revisited,"Yu, Jeffrey Xu and Lu, Hongjun",1999,inproceedings,0,0,,254,"Data Engineering, 1999. Proceedings., 15th International Conference on"
,,1,1689,0,Indexable PLA for efficient similarity search,"Chen, Qiuxia and Chen, Lei and Lian, Xiang and Liu, Yunhao and Yu, Jeffrey Xu",2007,inproceedings,0,0,,435--446,Proceedings of the 33rd international conference on Very large data bases
,,1,716,0,Optimization of object-oriented queries using path indices,"Bertino, Elisa and Guglielmina, Claudia",1992,inproceedings,0,0,,140--149,"Research Issues on Data Engineering, 1992: Transaction and Query Processing, Second International Workshop on"
,,1,2450,0,Mining long sequential patterns in a noisy environment,"Yang, Jiong and Wang, Wei and Yu, Philip S and Han, Jiawei",2002,inproceedings,0,0,,406--417,Proceedings of the 2002 ACM SIGMOD international conference on Management of data
,,1,899,0,Efficient privacy preserving reputation protocols inspired by secure sum,"Hasan, Omar and Bertino, Elisa and Brunie, Lionel",2010,inproceedings,0,0,,126--133,"Privacy Security and Trust (PST), 2010 Eighth Annual International Conference on"
3,0.99972147,1,1916,ACM,Revisiting answering tree pattern queries using views,"Wang, Junhu and Xu Yu, Jeffrey",2012,article,ACM Transactions on Database Systems (TODS),3,37.0,18,0
,,1,1067,0,Introducing cooperation and actions in amalgamated knowledge bases,"Bertino, Elisa and Catania, Barbara and Perlasca, Paolo",2001,inproceedings,0,0,,108--115,"Database Systems for Advanced Applications, 2001. Proceedings. Seventh International Conference on"
,,1,1323,The Royal Society,Learning to represent visual input,"Hinton, Geoffrey E",2010,article,Philosophical Transactions of the Royal Society B: Biological Sciences,1537,365.0,177--184,0
,,1,2441,0,Substructure similarity search in graph databases,"Yan, Xifeng and Yu, Philip S and Han, Jiawei",2005,inproceedings,0,0,,766--777,Proceedings of the 2005 ACM SIGMOD international conference on Management of data
,,1,373,0,Inducing value sparsity for parallel inference in tree-shaped models,"Singh, Sameer and Martin, Brian and McCallum, Andrew",2011,article,0,0,,0,0
15,0.99913085,1,1730,0,Discriminative category matching: Efficient text classification for huge document collections,"Fung, Gabriel Pui Cheong and Yu, Jeffrey Xu and Lu, Hongjun",2002,inproceedings,0,0,,187--194,"Data Mining, 2002. ICDM 2003. Proceedings. 2002 IEEE International Conference on"
,,1,2453,0,A framework for clustering evolving data streams,"Aggarwal, Charu C and Han, Jiawei and Wang, Jianyong and Yu, Philip S",2003,inproceedings,0,0,,81--92,Proceedings of the 29th international conference on Very large data bases-Volume 29
,,1,920,0,A framework for verification and optimal reconfiguration of event-driven role based access control policies,"Shafiq, Basit and Vaidya, Jaideep S and Ghafoor, Arif and Bertino, Elisa",2012,inproceedings,0,0,,197--208,Proceedings of the 17th ACM symposium on Access Control Models and Technologies
,,1,362,0,Towards asynchronous distributed MCMC inference for large graphical models,"Singh, Sameer and McCallum, Andrew",2011,article,0,0,,0,0
1,0.999818,1,1791,SP Higher Education Press,Stock prediction: an event-driven approach based on bursty keywords,"Wu, Di and Fung, Gabriel Pui Cheong and Yu, Jeffrey Xu and Pan, Qi",2009,article,Frontiers of Computer Science in China,2,3.0,145--157,0
,,1,2196,Soc Neuroscience,The role of inertial sensitivity in motor planning,"Sabes, Philip N and Jordan, Michael I and Wolpert, Daniel M",1998,article,The Journal of neuroscience,15,18.0,5948--5957,0
,,1,388,ACM,Privacy-aware role-based access control,"Ni, Qun and Bertino, Elisa and Lobo, Jorge and Brodie, Carolyn and Karat, Clare-Marie and Karat, John and Trombeta, Alberto",2010,article,ACM Transactions on Information and System Security (TISSEC),3,13.0,24,0
,,1,2085,The MIT Press,Hierarchical topic models and the nested Chinese restaurant process,"Griffiths, DMBTL and Tenenbaum, MIJJB",2004,article,Advances in neural information processing systems,0,16.0,17,0
,,1,2180,Kluwer Academic Publishers,Factorial hidden Markov models,"Ghahramani, Zoubin and Jordan, Michael I",1997,article,Machine learning,3-Feb,29.0,245--273,0
,,1,171,ACM,Rapid development of Hindi named entity recognition using conditional random fields and feature induction,"Li, Wei and McCallum, Andrew",2003,article,ACM Transactions on Asian Language Information Processing (TALIP),3,2.0,290--294,0
2,0.99979544,1,2233,Oxford Univ Press,A latent variable model for chemogenomic profiling,"Flaherty, Patrick and Giaever, Guri and Kumm, Jochen and Jordan, Michael I and Arkin, Adam P",2005,article,Bioinformatics,15,21.0,3286--3293,0
,,1,1899,0,Screening of polysialic acid yield of E. coli by NTG mutagenesis,"Zhan, Xiaobei and Yu, Junhua and Wu, Jianrong and Zhu, Li and Qiu, Yinghai and Wang, Lei",2001,article,Journal of Wuxi University of Light Industry,5,21.0,456--459,0
,,1,1831,Springer Berlin Heidelberg,Mining closed frequent free trees in graph databases,"Zhao, Peixiang and Yu, Jeffrey Xu",2007,incollection,0,0,,91--102,"Advances in Databases: Concepts, Systems and Applications"
28,0.00029406708,1,1797,IEEE,Computing structural statistics by keywords in databases,"Qin, Lu and Yu, Jeffrey Xu and Chang, Lijun",2012,article,"Knowledge and Data Engineering, IEEE Transactions on",10,24.0,1731--1746,0
,,1,2204,0,Support vector machines for analog circuit performance representation,"De Bernardinis, Fernando and Jordan, Michael I and SangiovanniVincentelli, A",2003,inproceedings,0,0,,964--969,"Design Automation Conference, 2003. Proceedings"
,,1,2820,Springer-Verlag,Early classification on time series,"Xing, Zhengzheng and Pei, Jian and Philip, S Yu",2012,article,Knowledge and information systems,1,31.0,105--127,0
18,0.9982608,1,2275,0,Solving consensus and semi-supervised clustering problems using nonnegative matrix factorization,"Li, Tao and Ding, Chris and Jordan, Michael and others",2007,inproceedings,0,0,,577--582,"Data Mining, 2007. ICDM 2007. Seventh IEEE International Conference on"
20,0.98460495,1,1937,Springer Berlin Heidelberg,Is frequency enough for decision makers to make decisions?,"Zhang, Shichao and Yu, Jeffrey Xu and Lu, Jingli and Zhang, Chengqi",2006,incollection,0,0,,499--503,Advances in Knowledge Discovery and Data Mining
,,1,952,0,Marlin: Making it harder to fish for gadgets,"Gupta, Aditi and Kerr, Sam and Kirkpatrick, Michael S and Bertino, Elisa",2012,inproceedings,0,0,,1016--1018,Proceedings of the 2012 ACM conference on Computer and communications security
25,0.1876607,1,1639,IEEE,Constructing suffix tree for gigabyte sequences with megabyte memory,"Cheung, Ching-Fung and Yu, Jeffrey Xu and Lu, Hongjun",2005,article,"Knowledge and Data Engineering, IEEE Transactions on",1,17.0,90--105,0
,,1,2449,0,An effective hash-based algorithm for mining association rules,"Park, Jong Soo and Chen, Ming-Syan and Yu, Philip S",1995,inproceedings,0,2,24.0,175--186,ACM SIGMOD Record
,,1,2330,0,Online system problem detection by mining patterns of console logs,"Xu, Wei and Huang, Ling and Fox, Armando and Patterson, David and Jordan, Michael",2009,inproceedings,0,0,,588--597,"Data Mining, 2009. ICDM'09. Ninth IEEE International Conference on"
,,1,1673,0,PBiTree coding and efficient processing of containment joins,"Wang, Wei and Jiang, Haigeng and Lu, Hongjun and Yu, Jeffrey Xu",2003,inproceedings,0,0,,391--402,"Data Engineering, 2003. Proceedings. 19th International Conference on"
22,0.8631198,1,2258,0,Learning to control an unstable system with forward modeling,"Jordan, Michael I and Jacobs, Robert A",1990,inproceedings,0,0,,324--331,Advances in neural information processing systems
9,0.99951136,1,1699,0,Finding maximal k-edge-connected subgraphs from a large graph,"Zhou, Rui and Liu, Chengfei and Yu, Jeffrey Xu and Liang, Weifa and Chen, Baichen and Li, Jianxin",2012,inproceedings,0,0,,480--491,Proceedings of the 15th International Conference on Extending Database Technology
,,1,1641,ACM,Finding maximal cliques in massive networks,"Cheng, James and Ke, Yiping and Fu, Ada Wai-Chee and Yu, Jeffrey Xu and Zhu, Linhong",2011,article,ACM Transactions on Database Systems (TODS),4,36.0,21,0
,,1,1769,0,Topic distributions over links on web,"Tang, Jie and Zhang, Jing and Yu, Jeffrey Xu and Yang, Zi and Cai, Keke and Ma, Rui and Zhang, Li and Su, Zhong",2009,inproceedings,0,0,,1010--1015,"Data Mining, 2009. ICDM'09. Ninth IEEE International Conference on"
,,1,747,VLDB Endowment,Tagging stream data for rich real-time services,"Nehme, Rimma V and Rundensteiner, Elke A and Bertino, Elisa",2009,article,Proceedings of the VLDB Endowment,1,2.0,73--84,0
,,1,2634,IEEE,On coupling multi-systems through data sharing,"Yu, Philip S and Dias, Daniel M and Robinson, John T and Iyer, Balakrishna R and Cornell, Douglas W",1987,article,Proceedings of the IEEE,5,75.0,573--587,0
,,1,86,0,"Crowds, clouds, and algorithms: exploring the human side of big data applications","Amer-Yahia, Sihem and Doan, AnHai and Kleinberg, Jon and Koudas, Nick and Franklin, Michael",2010,inproceedings,0,0,,1259--1260,Proceedings of the 2010 ACM SIGMOD International Conference on Management of data
,,1,799,Springer Berlin/Heidelberg,Repository management in an intelligent indexing approach for multimedia digital libraries,"Armani, B and Catania, B and Bertino, E and Laradi, D and Marin, B and Zarri, Gian Piero",2010,article,Foundations of Intelligent Systems,0,,431--440,0
,,1,703,0,Location-based access control systems for mobile users: concepts and research directions,"Bertino, Elisa and Kirkpatrick, Michael S",2011,inproceedings,0,0,,49--52,Proceedings of the 4th ACM SIGSPATIAL International Workshop on Security and Privacy in GIS and LBS
,,1,2096,0,On convergence properties of the EM algorithm for Gaussian mixtures,"Xu, Lei and Jordan, Michael I",1996,article,Neural computation,1,8.0,129--151,0
,,1,2700,IEEE,Mining associations with the collective strength approach,"Aggarwal, Charu C and Yu, Philip S",2001,article,"Knowledge and Data Engineering, IEEE Transactions on",6,13.0,863--873,0
7,0.9995753,1,2317,0,On the consistency of ranking algorithms,"Duchi, John C and Mackey, Lester W and Jordan, Michael I",2010,inproceedings,0,0,,327--334,Proceedings of the 27th International Conference on Machine Learning (ICML-10)
6,0.99959105,1,1648,0,Neighborhood-privacy protected shortest distance computing in cloud,"Gao, Jun and Yu, Jeffrey Xu and Jin, Ruoming and Zhou, Jiashuai and Wang, Tengjiao and Yang, Dongqing",2011,inproceedings,0,0,,409--420,Proceedings of the 2011 ACM SIGMOD International Conference on Management of data
26,0.0014281591,1,2184,JMLR. org,Beyond independent components: trees and clusters,"Bach, Francis R and Jordan, Michael I",2003,article,The Journal of Machine Learning Research,0,4.0,1205--1233,0
,,1,1238,0,Learning sparse topographic representations with products of student-t distributions,"Welling, Max and Osindero, Simon and Hinton, Geoffrey E",2002,inproceedings,0,0,,1359--1366,Advances in neural information processing systems
,,1,2518,0,Method and apparatus for load balancing of web cluster farms,"Wolf, Joel L and Yu, Philip Shi-lung",2002,misc,0,0,,0,0
,,1,2767,IEEE,New algorithms for parallelizing relational database joins in the presence of data skew,"Wolf, Joel L and Dias, Daniel M and Yu, Philip S and Turek, John",1994,article,"Knowledge and Data Engineering, IEEE Transactions on",6,6.0,990--997,0
,,1,2262,0,Learning graphical models with Mercer kernels,"Bach, Francis R and Jordan, Michael I",2002,inproceedings,0,0,,1009--1016,Advances in Neural Information Processing Systems
,,1,1855,IEEE,Holistic top-k simple shortest path join in graphs,"Gao, Jun and Yu, Jeffrey Xu and Qiu, Huida and Jiang, Xiao and Wang, Tengjiao and Yang, Dongqing",2012,article,"Knowledge and Data Engineering, IEEE Transactions on",4,24.0,665--677,0
24,0.2735963,1,1951,0,Answering label-constraint reachability in large graphs,"Zou, Lei and Xu, Kun and Yu, Jeffrey Xu and Chen, Lei and Xiao, Yanghua and Zhao, Dongyan",2011,techreport,0,0,,0,0
,,1,229,0,Distantly labeling data for large scale cross-document coreference,"Singh, Sameer and Wick, Michael and McCallum, Andrew",2010,article,arXiv preprint arXiv:1005.4298,0,,0,0
27,0.00088234077,1,2297,0,Modeling events with cascades of Poisson processes,"Simma, Aleksandr and Jordan, Michael I",2012,article,arXiv preprint arXiv:1203.3516,0,,0,0
,,1,2864,0,A general framework for accurate and fast regression by data summarization in random decision trees,"Fan, Wei and McCloskey, Joe and Yu, Philip S",2006,inproceedings,0,0,,136--146,Proceedings of the 12th ACM SIGKDD international conference on Knowledge discovery and data mining
0,0.999818,1,2006,Springer US,Multimedia Data Buffering,"Yu, Jeffrey Xu",2009,incollection,0,0,,1800--1804,Encyclopedia of Database Systems
,,1,1368,0,Discovering multiple constraints that are frequently approximately satisfied,"Hinton, Geoffrey E and Teh, Yee-Whye",2001,inproceedings,0,0,,227--234,Proceedings of the Seventeenth conference on Uncertainty in artificial intelligence
,,1,2077,0,Contract \& Expand: I/O Efficient SCCs Computing,"Zhang, Zhiwei and Qin, Lu and Yu, Jeffrey Xu",2014,inproceedings,0,0,,208--219,"Data Engineering (ICDE), 2014 IEEE 30th International Conference on"
,,1,1812,0,AFOPT: an efficient implementation of pattern growth approach,"Gui-mei, Liu and Hong-jun, Lu and Yu, JX and others",0,misc,2003-12-19]. http://ftp. informatik. rwth-aachen. de/Publications/CEURWS,0,90.0,0,0
,,1,2848,0,On wavelet decomposition of uncertain time series data sets,"Zhao, Yuchen and Aggarwal, Charu and Yu, Philip",2010,inproceedings,0,0,,129--138,Proceedings of the 19th ACM international conference on Information and knowledge management
,,1,2038,LWW,PP. 26.24: THE EFFICIENCY AND SAFETY OF RENAL SYMPATHETIC DENERVATION FOR RESISTANT HYPERTENSION: A META ANALYSIS.,"Liang, W and Yu, J",2015,article,Journal of Hypertension,0,33.0,e364,0
,,1,2161,0,Predicting multiple metrics for queries: Better decisions enabled by machine learning,"Ganapathi, Archana and Kuno, Harumi and Dayal, Umeshwar and Wiener, Janet L and Fox, Armando and Jordan, Michael and Patterson, David",2009,inproceedings,0,0,,592--603,"Data Engineering, 2009. ICDE'09. IEEE 25th International Conference on"
,,1,3054,0,Reducing file system tail latencies with Chopper,"He, Jun and Nguyen, Duy and Arpaci-Dusseau, Andrea C and Arpaci-Dusseau, Remzi H",2015,inproceedings,0,0,,119--133,Proceedings of the 13th USENIX Conference on File and Storage Technologies
13,0.9992886,1,2376,0,A unified probabilistic model for global and local unsupervised feature selection,"Guan, Yue and Jordan, Michael I and Dy, Jennifer G",2011,inproceedings,0,0,,1073--1080,Proceedings of the 28th International Conference on Machine Learning (ICML-11)
,,1,340,0,Rethinking lda: why priors matter,"Mccallum, Andrew and Mimno, David M and Wallach, Hanna M",2009,inproceedings,0,0,,1973--1981,Advances in neural information processing systems
19,0.9866808,1,1882,Springer Berlin Heidelberg,On tree pattern query rewriting using views,"Wang, Junhu and Yu, Jeffrey Xu and Liu, Chengfei",2007,incollection,0,0,,1--12,Web Information Systems Engineering--WISE 2007
14,0.99925077,1,1705,0,Finding the influence set through skylines,"Wu, Xiaobing and Tao, Yufei and Wong, Raymong Chi-Wing and Ding, Ling and Yu, Jeffrey Xu",2009,inproceedings,0,0,,1030--1041,Proceedings of the 12th International Conference on Extending Database Technology: Advances in Database Technology
10,0.99937844,1,2153,0,Nonparametric latent feature models for link prediction,"Miller, Kurt and Jordan, Michael I and Griffiths, Thomas L",2009,inproceedings,0,0,,1276--1284,Advances in neural information processing systems
16,0.99858063,1,2217,0,"Nonnegative matrix factorization for combinatorial optimization: Spectral clustering, graph matching, and clique finding","Ding, Chris and Li, Tao and Jordan, Michael and others",2008,inproceedings,0,0,,183--192,"Data Mining, 2008. ICDM'08. Eighth IEEE International Conference on"
,,1,3106,0,Architectural Analysis of the Moqi Inca Site,"Vaughan, Shawn and Shatdal, Ambuj and Thain, Douglas and Bent, John and Arpaci-Dusseau, Andrea and Arpaci-Dusseau, Remzi and Livny, Miron and Hurst, Felicia and Stoller, Paul D and Carey, Michael J and others",2013,phdthesis,0,0,,0,0
,,1,2080,Nature Publishing Group,"PSP94, an upstream signaling mediator of prostasin found highly elevated in ovarian cancer","Ma, Jx and Yan, Bx and Zhang, J and Jiang, BH and Guo, Y and Riedel, H and Mueller, MD and Remick, SC and Yu, JJ",2014,article,Cell death \& disease,9,5.0,e1407,0
21,0.9802388,1,1811,Springer Berlin Heidelberg,False-negative frequent items mining from data streams with bursting,"Chong, Zhihong and Yu, Jeffrey Xu and Lu, Hongjun and Zhang, Zhengjie and Zhou, Aoying",2005,incollection,0,0,,422--434,Database Systems for Advanced Applications
23,0.5924269,1,2125,ACM,Managing data transfers in computer clusters with orchestra,"Chowdhury, Mosharaf and Zaharia, Matei and Ma, Justin and Jordan, Michael I and Stoica, Ion",2011,article,ACM SIGCOMM Computer Communication Review,4,41.0,98--109,0
,,1,1465,"Pitman, London",Pattern matching and variable binding in a stochastic neural network,"Touretzky, David S and Hinton, Geoffrey E",1987,incollection,0,0,,155--169,Genetic Algorithms and  Simulated Annealing
,,1,2016,Elsevier,Association of long-acting reversible contraceptive use and public health measures in Kenya and Ethiopia,"Yu, J and Hu, X",2013,article,Contraception,3,88.0,448,0
,,1,2232,0,Semiparametric latent factor models,"Seeger, Matthias and Teh, Yee-Whye and Jordan, Michael",2005,techreport,0,0,,0,0
5,0.99963576,1,2246,0,Revisiting k-means: New algorithms via Bayesian nonparametrics,"Kulis, Brian and Jordan, Michael I",2011,article,arXiv preprint arXiv:1111.0352,0,,0,0
,,1,1749,IEEE,Efficient core maintenance in large dynamic graphs,"Li, Rong-Hua and Yu, Jeffrey Xu and Mao, Rui",2014,article,"Knowledge and Data Engineering, IEEE Transactions on",10,26.0,2453--2465,0
11,0.99936056,1,1877,0,Response time constrained top-k query evaluation in sensor networks,"Liang, Weifa and Chen, Baichen and Yu, Jeffrey Xu",2008,inproceedings,0,0,,575--582,"Parallel and Distributed Systems, 2008. ICPADS'08. 14th IEEE International Conference on"
8,0.99951136,1,1734,0,Finding top-k similar graphs in graph databases,"Zhu, Yuanyuan and Qin, Lu and Yu, Jeffrey Xu and Cheng, Hong",2012,inproceedings,0,0,,456--467,Proceedings of the 15th International Conference on Extending Database Technology
,,1,848,Springer Berlin Heidelberg,Tiupam: A framework for trustworthiness-centric information sharing,"Xu, Shouhuai and Sandhu, Ravi and Bertino, Elisa",2009,incollection,0,0,,164--175,Trust Management III
,,1,2871,IBM Thomas J. Watson Research Division,On modeling database concurrency control,"Yu, PS and Dias, DM and Lavenberg, SS",1990,book,0,0,,0,0
,,1,2127,0,Hierarchies of adaptive experts,"Jordan, Michael I and Jacobs, Robert A",1992,inproceedings,0,0,,985--992,Advances in neural information processing systems
,,1,9,0,Combining keyword search and forms for ad hoc querying of databases,"Chu, Eric and Baid, Akanksha and Chai, Xiaoyong and Doan, AnHai and Naughton, Jeffrey",2009,inproceedings,0,0,,349--360,Proceedings of the 2009 ACM SIGMOD International Conference on Management of data
,,1,1451,0,"Delve data for evaluating learning in valid experiments, 1995--1996","Rasmussen, CE and Neal, RM and Hinton, G and van Camp, D and Revow, M and Ghahramani, Z and Kustra, R and Tibshirani, R",0,article,URL http://www. cs. toronto. edu/~ delve,0,,0,0
,,1,2754,0,Efficiently mining frequent closed partial orders,"Pei, Jian and Liu, Jian and Wang, Haixun and Wang, Ke and Philip, S Yu and Wang, Jianyong",2005,inproceedings,0,0,,753--756,
,,1,763,0,Secure third party distribution of XML data,"Carminati, Barbara and Ferrari, Elena and Bertino, Elisa",2005,inproceedings,0,0,,547--548,"Data Engineering, 2005. ICDE 2005. Proceedings. 21st International Conference on"
,,1,1749,IEEE,Efficient core maintenance in large dynamic graphs,"Li, Rong-Hua and Yu, Jeffrey Xu and Mao, Rui",2014,article,"Knowledge and Data Engineering, IEEE Transactions on",10,26.0,2453--2465,0
,,1,3095,0,Split-level I/O scheduling,"Yang, Suli and Harter, Tyler and Agrawal, Nishant and Kowsalya, Salini Selvaraj and Krishnamurthy, Anand and Al-Kiswany, Samer and Kaushik, Rini T and Arpaci-Dusseau, Andrea C and Arpaci-Dusseau, Remzi H",2015,inproceedings,0,0,,474--489,Proceedings of the 25th Symposium on Operating Systems Principles
4,0.99968934,1,1602,VLDB Endowment,Diversifying top-k results,"Qin, Lu and Yu, Jeffrey Xu and Chang, Lijun",2012,article,Proceedings of the VLDB Endowment,11,5.0,1124--1135,0
,,1,83,VLDB Endowment,On the provenance of non-answers to queries over extracted data,"Huang, Jiansheng and Chen, Ting and Doan, AnHai and Naughton, Jeffrey F",2008,article,Proceedings of the VLDB Endowment,1,1.0,736--747,0
,,1,955,0,High-performance TTL bipolar integrated circuits in 4H-SiC,"Singh, Shakti",2010,phdthesis,0,0,,0,0
17,0.998449,1,2204,0,Support vector machines for analog circuit performance representation,"De Bernardinis, Fernando and Jordan, Michael I and SangiovanniVincentelli, A",2003,inproceedings,0,0,,964--969,"Design Automation Conference, 2003. Proceedings"
,,1,347,0,Compositional Vector Space Models for Knowledge Base Completion,"Neelakantan, Arvind and Roth, Benjamin and McCallum, Andrew",2015,article,arXiv preprint arXiv:1504.06662,0,,0,0
,,1,3024,0,Getting real: lessons in transitioning research simulations into hardware systems.,"Saxena, Mohit and Zhang, Yiying and Swift, Michael M and Arpaci-Dusseau, Andrea C and Arpaci-Dusseau, Remzi H",2013,inproceedings,0,0,,215--228,FAST
